Item Name,Price,Description,Cuisine
Balsamic Glazed Lamb Chops,300,"Succulent lamb chops seared to perfection and coated in a tangy-sweet balsamic glaze with hints of garlic, honey, and rosemary.",Hotel Sunshine Special
Mango Tango Shrimp Tacos,250,"Juicy shrimp infused with tropical mango salsa, nestled in warm tortillas, creating a vibrant explosion of flavours.",Hotel Sunshine Special
Garden Delight Stir-Fry,150,"A vibrant medley of fresh vegetables stir-fried to perfection, seasoned with aromatic spices for a burst of flavour.",Hotel Sunshine Special
Savory Spinach and Ricotta Ravioli,160,"Handmade ravioli stuffed with creamy ricotta cheese and spinach, served in a light herb-infused sauce.",Hotel Sunshine Special
Dreamy Chocolate Avalanche,250,"Layers of indulgent chocolate bliss, topped with edible gold.",Hotel Sunshine Special
Blissful Berry Symphony,270,"A harmonious medley of fresh berries layered atop delicate sponge cake, drizzled with a luscious berry reduction.",Hotel Sunshine Special
Chicken 65,110,"Spicy, crispy fried chicken tossed with chilies, garlic, and aromatic spices for a bold, flavourful kick.",Starters
Chicken Wings,120,"Juicy chicken wings, drenched and marinated, then deep-fried to perfection, offering a crispy and flavourful appetizer.",Starters
Chicken Tikka,150,"Tender pieces of marinated chicken grilled to perfection, bursting with smoky and aromatic flavours.",Starters
Veg Crispy,100,"Crispy and flavourful deep-fried vegetables coated in a crunchy batter, perfect as a crunchy appetizer.",Starters
Mushroom n Pepper Fry,110,"Sauteed mushrooms and peppers seasoned with aromatic spices, offering a flavourful and savory dish.",Starters
Paneer Chilli,120,"Cubes of paneer tossed in a spicy and tangy sauce with peppers and onions, offering a delicious Indo-Chinese dish.",Starters
Idli,60,Two idlis along with sambar and coconut chutney.,South Indian
Masala Dosa,80,Two masala dosas overloaded with potato filling along with chutney.,South Indian
Uttapam,100,Two uttapam with veggies on top along with tomato chutney.,South Indian
Medu Vada,80,4 medu vadas along with sambar and coconut chutney.,South Indian
Parotta with Mutton Curry,160,Four parottas with spicy mutton curry made from a blend of spices and tender mutton pieces.,South Indian
Chinese Bhel,30,"Crispy noodles, colourful veggies, and tangy sauces, offering a unique twist on traditional Indian street food.",Chinese Ching
Momos,70,"Savory dumplings filled with seasoned vegetables, steamed to perfection with a spicy dipping sauce.",Chinese Ching
Schezwan Fried Rice,180,"A fiery blend of rice, vegetables, and spicy Schezwan sauce, wok-fried to perfection.",Chinese Ching
Hakka Noodles,90,"Stir-fried noodles tossed with crispy vegetables and savory sauces, delivering a delightful fusion of flavours.",Chinese Ching
Manchurian Gravy,120,A savory and tangy Chinese-style sauce enveloping fried vegetable balls.,Chinese Ching
Palak Paneer,150,"Creamy spinach curry with chunks of soft paneer, infused with aromatic spices.",Vegetarian Verna
Paneer Tikka Masala,120,"Tender paneer cubes grilled and simmered in a rich, creamy tomato-based masala sauce.",Vegetarian Verna
Mutter Paneer,110,Soft paneer cubes and tender peas cooked in a flavourful tomato-based gravy.,Vegetarian Verna
Dal Tadka,100,"Creamy lentils tempered with aromatic spices, offering a comforting and flavourful Indian staple.",Vegetarian Verna
Veg Biryani,130,Fragrant basmati rice cooked with an assortment of vegetables and aromatic spices.,Vegetarian Verna
Butter Chicken,150,"Tender chicken pieces simmered in a creamy, tomato-based sauce infused with rich spices.",Non-Vegetarian Delicacies
Mutton Handi,180,"Succulent pieces of mutton cooked in a rich and aromatic gravy, simmered in a traditional clay pot.",Non-Vegetarian Delicacies
Nalli Nihari,190,Tender lamb shanks slow-cooked in a flavourful gravy infused with aromatic spices.,Non-Vegetarian Delicacies
Chicken Biryani,200,Fragrant basmati rice cooked with succulent chicken pieces and aromatic spices.,Non-Vegetarian Delicacies
Gulab Jamun,60,"Soft and syrupy milk-based balls infused with cardamom, rose water, and saffron.",Desserts and Beverages
Ras Malai,80,"Soft and creamy cheese dumplings soaked in sweetened, flavoured milk, garnished with nuts.",Desserts and Beverages
Jalebi,50,"Crispy, deep-fried swirls of dough soaked in sugary syrup with a hint of tanginess.",Desserts and Beverages
Citrus Splash,120,"A refreshing blend of citrus fruits, bursting with tangy and zesty flavours.",Desserts and Beverages
Mango Mania,140,"A tropical explosion of ripe mangoes, delivering a sweet and juicy burst of flavour.",Desserts and Beverages
Berry Blast Elixir,160,"A vibrant fusion of assorted berries, creating a refreshing and invigorating drink.",Desserts and Beverages
Roti,10,"Traditional Indian flatbread, perfectly baked to be soft and fluffy.",Add Ons
Kulcha,15,"Soft, leavened bread, often served with a variety of dishes, including curries and dals.",Add Ons
Butter Naan,15,"A rich and soft flatbread brushed with butter, perfect for scooping up flavourful curries.",Add Ons
Garlic Butter Naan,18,"Delicious naan infused with garlic and a touch of butter, adding an extra layer of flavour.",Add Ons
Rumali Roti,15,"Thin and soft Indian bread, known for its light texture and perfect for wrapping up food.",Add Ons
Parotta,18,"Flaky and layered bread, known for its crispy texture and versatility with various dishes.",Add Ons
